year,month,total_revenue,total_orders
2024,10,4880.65,19
2024,11,6072.110000000001,24
2024,12,4256.82,21
2025,01,6828.21,22
2025,02,4973.760000000001,17
2025,03,4594.85,19
